<?xml version="1.0" encoding="UTF-8"?>
<project-private xmlns="http://www.netbeans.org/ns/project-private/1">
    <editor-bookmarks xmlns="http://www.netbeans.org/ns/editor-bookmarks/2" lastBookmarkId="0"/>
    <open-files xmlns="http://www.netbeans.org/ns/projectui-open-files/2">
        <group>
            <file>file:/C:/Users/User/Desktop/Library%20Management%20System/src/MyBooks.java</file>
            <file>file:/C:/Users/User/Desktop/Library%20Management%20System/src/AddBook.java</file>
            <file>file:/C:/Users/User/Desktop/Library%20Management%20System/src/TakeBook.java</file>
            <file>file:/C:/Users/User/Desktop/Library%20Management%20System/src/Admin.java</file>
            <file>file:/C:/Users/User/Desktop/Library%20Management%20System/src/Login.java</file>
            <file>file:/C:/Users/User/Desktop/Library%20Management%20System/src/MainMenu.java</file>
            <file>file:/C:/Users/User/Desktop/Library%20Management%20System/src/RetBook.java</file>
            <file>file:/C:/Users/User/Desktop/Library%20Management%20System/src/SearchBook.java</file>
            <file>file:/C:/Users/User/Desktop/Library%20Management%20System/src/Reg.java</file>
            <file>file:/C:/Users/User/Desktop/Library%20Management%20System/src/Issue.java</file>
            <file>file:/C:/Users/User/Desktop/Library%20Management%20System/src/DeleteStudent.java</file>
        </group>
    </open-files>
</project-private>
